question,text_id,chapter,title,section
How do you approach data preprocessing for machine learning models?,86fd49a66d,CHAPTER 1,Machine Learning Roles and the Interview Process,Overview of This Book
Can you explain the difference between supervised and unsupervised learning?,86fd49a66d,CHAPTER 1,Machine Learning Roles and the Interview Process,Overview of This Book
How do you evaluate the performance of a machine learning model?,86fd49a66d,CHAPTER 1,Machine Learning Roles and the Interview Process,Overview of This Book
What are some common pitfalls to avoid when working with imbalanced datasets?,86fd49a66d,CHAPTER 1,Machine Learning Roles and the Interview Process,Overview of This Book
How do you handle missing values in a dataset for machine learning purposes?,86fd49a66d,CHAPTER 1,Machine Learning Roles and the Interview Process,Overview of This Book
How do you stay up-to-date with the latest developments in machine learning and data science?,9a2356679c,CHAPTER 1,Machine Learning Roles and the Interview Process,A Brief History of Machine Learning and Data Science Job Titles
Can you describe a time when you had to communicate complex technical concepts to a non-technical audience? How did you approach it?,9a2356679c,CHAPTER 1,Machine Learning Roles and the Interview Process,A Brief History of Machine Learning and Data Science Job Titles
How do you handle data preprocessing and feature engineering for machine learning models? Can you give an example of a particularly challenging dataset you worked with and how you overcame any issues?,9a2356679c,CHAPTER 1,Machine Learning Roles and the Interview Process,A Brief History of Machine Learning and Data Science Job Titles
"How do you ensure that your machine learning models are interpretable and explainable, especially in high-stakes applications like healthcare or finance?",9a2356679c,CHAPTER 1,Machine Learning Roles and the Interview Process,A Brief History of Machine Learning and Data Science Job Titles
"Can you walk me through your approach to model validation and selection for a given problem, and how do you determine the best model for the task at hand?",9a2356679c,CHAPTER 1,Machine Learning Roles and the Interview Process,A Brief History of Machine Learning and Data Science Job Titles
How do you evaluate the performance of a machine learning model?,6d22154063,CHAPTER 1,Machine Learning Roles and the Interview Process,Job Titles Requiring ML Experience
Can you explain the difference between supervised and unsupervised learning?,6d22154063,CHAPTER 1,Machine Learning Roles and the Interview Process,Job Titles Requiring ML Experience
How do you handle missing data in a machine learning dataset?,6d22154063,CHAPTER 1,Machine Learning Roles and the Interview Process,Job Titles Requiring ML Experience
What is your approach to feature engineering in a data science project?,6d22154063,CHAPTER 1,Machine Learning Roles and the Interview Process,Job Titles Requiring ML Experience
Can you describe a time when you had to communicate complex technical concepts to a non-technical audience?,6d22154063,CHAPTER 1,Machine Learning Roles and the Interview Process,Job Titles Requiring ML Experience
Can you explain the difference between data engineering and machine learning development?,61153e0cc4,CHAPTER 1,Machine Learning Roles and the Interview Process,Machine Learning Lifecycle
"How do you handle data imbalance during model training, and what techniques do you use to mitigate it?",61153e0cc4,CHAPTER 1,Machine Learning Roles and the Interview Process,Machine Learning Lifecycle
"What are some common challenges you face when deploying machine learning models in production environments, and how do you address them?",61153e0cc4,CHAPTER 1,Machine Learning Roles and the Interview Process,Machine Learning Lifecycle
Can you walk me through your process for feature engineering and selection in a machine learning project?,61153e0cc4,CHAPTER 1,Machine Learning Roles and the Interview Process,Machine Learning Lifecycle
"How do you ensure the accuracy and reliability of your machine learning models during the deployment stage, and what quality assurance measures do you put in place?",61153e0cc4,CHAPTER 1,Machine Learning Roles and the Interview Process,Machine Learning Lifecycle
How do you approach data intuition when working on a new ML project? Can you give an example of how you used data intuition to solve a problem?,535fe561d2,CHAPTER 1,Machine Learning Roles and the Interview Process,The Three Pillars of Machine Learning Roles
"What are some common challenges you've faced while integrating ML models into a larger software infrastructure, and how did you overcome them?",535fe561d2,CHAPTER 1,Machine Learning Roles and the Interview Process,The Three Pillars of Machine Learning Roles
"How do you stay up-to-date with the latest developments in ML theory and programming languages, and how do you apply this knowledge to your work?",535fe561d2,CHAPTER 1,Machine Learning Roles and the Interview Process,The Three Pillars of Machine Learning Roles
Can you describe a time when you had to communicate complex technical concepts to a non-technical stakeholder? How did you approach this situation?,535fe561d2,CHAPTER 1,Machine Learning Roles and the Interview Process,The Three Pillars of Machine Learning Roles
"How do you balance the need for precise, accurate ML models with the practical considerations of deploying those models in a larger software system?",535fe561d2,CHAPTER 1,Machine Learning Roles and the Interview Process,The Three Pillars of Machine Learning Roles
How do you stay current with the latest developments and advancements in machine learning?,f0d1a5d7be,CHAPTER 1,Machine Learning Roles and the Interview Process,Machine Learning Skills Matrix
"Can you describe your experience working with different types of data, such as structured or unstructured data?",f0d1a5d7be,CHAPTER 1,Machine Learning Roles and the Interview Process,Machine Learning Skills Matrix
"How do you approach problem-solving in machine learning, and what tools or techniques do you use to evaluate and optimize models?",f0d1a5d7be,CHAPTER 1,Machine Learning Roles and the Interview Process,Machine Learning Skills Matrix
"How do you ensure that the data used for machine learning is clean, relevant, and free from errors or biases?",f0d1a5d7be,CHAPTER 1,Machine Learning Roles and the Interview Process,Machine Learning Skills Matrix
"Can you walk me through a time when you had to explain complex machine learning concepts to a non-technical audience, and how did you approach it?",f0d1a5d7be,CHAPTER 1,Machine Learning Roles and the Interview Process,Machine Learning Skills Matrix
How do you evaluate the performance of a machine learning model?,6e80eb677b,CHAPTER 1,Machine Learning Roles and the Interview Process,Introduction to ML Job Interviews
Can you explain the concept of overfitting in machine learning?,6e80eb677b,CHAPTER 1,Machine Learning Roles and the Interview Process,Introduction to ML Job Interviews
How do you handle missing data in a machine learning dataset?,6e80eb677b,CHAPTER 1,Machine Learning Roles and the Interview Process,Introduction to ML Job Interviews
What is your approach to feature engineering in machine learning?,6e80eb677b,CHAPTER 1,Machine Learning Roles and the Interview Process,Introduction to ML Job Interviews
Can you describe your experience with distributed computing frameworks for large-scale machine learning tasks?,6e80eb677b,CHAPTER 1,Machine Learning Roles and the Interview Process,Introduction to ML Job Interviews
How do you approach debugging complex ML issues? What tools and techniques do you use?,2337809957,CHAPTER 1,Machine Learning Roles and the Interview Process,Machine Learning Job-Interview Process
Can you tell me about a time when you had to explain a technical concept to a non-technical stakeholder? How did you approach the explanation?,2337809957,CHAPTER 1,Machine Learning Roles and the Interview Process,Machine Learning Job-Interview Process
"How do you stay current with the latest advancements in your field, especially those that are not directly related to your job responsibilities?",2337809957,CHAPTER 1,Machine Learning Roles and the Interview Process,Machine Learning Job-Interview Process
"Describe a project where you had to work closely with cross-functional teams, and how did you ensure effective communication and collaboration?",2337809957,CHAPTER 1,Machine Learning Roles and the Interview Process,Machine Learning Job-Interview Process
"Can you walk me through your thought process when designing and implementing an ML solution for a real-world problem? What were some of the challenges you faced, and how did you overcome them?",2337809957,CHAPTER 1,Machine Learning Roles and the Interview Process,Machine Learning Job-Interview Process
What are some of the most effective ways to meet new people at networking events?,114486e1a1,CHAPTER 2,Machine Learning Job Application and Resume,ML Job Application Guide
How can you maintain connections with people you've met through networking over time?,114486e1a1,CHAPTER 2,Machine Learning Job Application and Resume,ML Job Application Guide
Can you share an example of a successful referral from networking that led to a job opportunity?,114486e1a1,CHAPTER 2,Machine Learning Job Application and Resume,ML Job Application Guide
How do you approach networking when you're not sure what industry or company you want to work in?,114486e1a1,CHAPTER 2,Machine Learning Job Application and Resume,ML Job Application Guide
"What are some common mistakes people make when networking, and how can they avoid them?",114486e1a1,CHAPTER 2,Machine Learning Job Application and Resume,ML Job Application Guide
How do you prioritize the most relevant points from your experience when tailoring your resume for a specific job posting?,195ee8d52d,CHAPTER 2,Machine Learning Job Application and Resume,Machine Learning Resume Guide
"What are some soft skills that you think are important to highlight in a machine learning engineer role, and how can you demonstrate them in your resume?",195ee8d52d,CHAPTER 2,Machine Learning Job Application and Resume,Machine Learning Resume Guide
Can you give an example of how you might remove or modify bullet points on your resume to make it more relevant to a particular job posting?,195ee8d52d,CHAPTER 2,Machine Learning Job Application and Resume,Machine Learning Resume Guide
How do you determine which technical skills to emphasize in your resume when applying for a machine learning engineer role?,195ee8d52d,CHAPTER 2,Machine Learning Job Application and Resume,Machine Learning Resume Guide
"What are some ways you can demonstrate your ability to work well with others and communicate complex technical concepts in your resume, even if you don't have direct experience working on cross-functional teams?",195ee8d52d,CHAPTER 2,Machine Learning Job Application and Resume,Machine Learning Resume Guide
What are the common ML job titles and how do they differ in responsibilities and skills required?,59be39571f,CHAPTER 2,Machine Learning Job Application and Resume,Applying to Jobs
How do you vet jobs to apply for based on their job descriptions and position in the ML lifecycle?,59be39571f,CHAPTER 2,Machine Learning Job Application and Resume,Applying to Jobs
"What is the importance of tracking applications and interviews, and what tools can be used to do so?",59be39571f,CHAPTER 2,Machine Learning Job Application and Resume,Applying to Jobs
How do you analyze a real job posting to determine the appropriate skills to prepare for during an interview?,59be39571f,CHAPTER 2,Machine Learning Job Application and Resume,Applying to Jobs
"What are some common mistakes job seekers make when applying for ML roles, and how can they avoid them?",59be39571f,CHAPTER 2,Machine Learning Job Application and Resume,Applying to Jobs
"What are some common mistakes people make when creating their resumes, especially when applying for ML/data roles?",c80e9a7eaf,CHAPTER 2,Machine Learning Job Application and Resume,"Additional Job Application Materials, Credentials, and FAQ"
How can you ensure your most relevant experiences and information are visible to the reviewer within the first 5-10 seconds of scanning your resume?,c80e9a7eaf,CHAPTER 2,Machine Learning Job Application and Resume,"Additional Job Application Materials, Credentials, and FAQ"
"What is the ideal length for a resume in the tech industry, and how might this vary depending on the job seeker's location or industry?",c80e9a7eaf,CHAPTER 2,Machine Learning Job Application and Resume,"Additional Job Application Materials, Credentials, and FAQ"
Are there any specific formats or styles that are commonly used in academia or other fields that might be suitable for job seekers in those areas?,c80e9a7eaf,CHAPTER 2,Machine Learning Job Application and Resume,"Additional Job Application Materials, Credentials, and FAQ"
"How can job seekers effectively tailor their resumes to stand out from a large pool of applicants, and what strategies have been successful in getting interviews?",c80e9a7eaf,CHAPTER 2,Machine Learning Job Application and Resume,"Additional Job Application Materials, Credentials, and FAQ"
What are some ways you could potentially strengthen your resume when applying for machine learning roles?,072c02694c,CHAPTER 2,Machine Learning Job Application and Resume,Next Steps
Can you identify any keywords that showed up frequently in job postings you reviewed that you think you could learn more about and add to your resume?,072c02694c,CHAPTER 2,Machine Learning Job Application and Resume,Next Steps
"How do you rate your own skill levels in various areas of machine learning, such as data visualization, communication, data exploration, cleaning, intuition, machine learning theory, statistics, programming tools, software infrastructure, and more?",072c02694c,CHAPTER 2,Machine Learning Job Application and Resume,Next Steps
Compare your scores to those in the ML skills matrix (Table 1-3) to see where your skills roughly are. Are there any areas you need to focus on to improve your chances of getting interviews for your target ML job?,072c02694c,CHAPTER 2,Machine Learning Job Application and Resume,Next Steps
"How do you plan to prepare for technical interviews, and what specific topics or areas of machine learning theory and algorithms do you think you may need to brush up on in order to excel in these interviews?",072c02694c,CHAPTER 2,Machine Learning Job Application and Resume,Next Steps
Can you share an example of a successful application or resume that helped you land a machine learning job?,e3868ef048,CHAPTER 2,Machine Learning Job Application and Resume,Where Are the Jobs?
What are some effective strategies for finding relevant job listings on online job boards and informal channels?,e3868ef048,CHAPTER 2,Machine Learning Job Application and Resume,Where Are the Jobs?
How do you network with other professionals in the field to learn about job opportunities and get recommendations?,e3868ef048,CHAPTER 2,Machine Learning Job Application and Resume,Where Are the Jobs?
How do you optimize your resume to showcase your skills and experience in machine learning?,e3868ef048,CHAPTER 2,Machine Learning Job Application and Resume,Where Are the Jobs?
"What are some common mistakes that people make when applying for machine learning jobs, and how can you avoid them?",e3868ef048,CHAPTER 2,Machine Learning Job Application and Resume,Where Are the Jobs?
Can you explain the difference between reinforcement learning and unsupervised learning? Provide an example for each.,331444d407,CHAPTER 3,Technical Interview: Machine Learning Algorithms,Overview of the Machine Learning Algorithms Technical Interview
"How do you define supervised learning, and can you give an example of a supervised learning algorithm?",331444d407,CHAPTER 3,Technical Interview: Machine Learning Algorithms,Overview of the Machine Learning Algorithms Technical Interview
Can you explain the difference between L1 and L2 regularization in ML?,d0f8681a67,CHAPTER 3,Technical Interview: Machine Learning Algorithms,Statistical and Foundational Techniques
How does oversampling work in practice when dealing with imbalanced datasets?,d0f8681a67,CHAPTER 3,Technical Interview: Machine Learning Algorithms,Statistical and Foundational Techniques
Can you discuss how ensemble methods like bagging and boosting can improve ML model performance?,d0f8681a67,CHAPTER 3,Technical Interview: Machine Learning Algorithms,Statistical and Foundational Techniques
"What are some common techniques used in natural language processing (NLP), and how do they differ from traditional machine learning algorithms?",331444d407,CHAPTER 3,Technical Interview: Machine Learning Algorithms,Overview of the Machine Learning Algorithms Technical Interview
"How do you implement recommendation systems, and what factors do you consider when evaluating their effectiveness?",331444d407,CHAPTER 3,Technical Interview: Machine Learning Algorithms,Overview of the Machine Learning Algorithms Technical Interview
"Can you describe a time when you had to troubleshoot an issue with a machine learning model, and how did you approach the problem?",331444d407,CHAPTER 3,Technical Interview: Machine Learning Algorithms,Overview of the Machine Learning Algorithms Technical Interview
What are some common regularization techniques used to prevent overfitting in ML?,d0f8681a67,CHAPTER 3,Technical Interview: Machine Learning Algorithms,Statistical and Foundational Techniques
"How do imbalanced datasets affect ML model performance, and what techniques can be used to deal with them?",d0f8681a67,CHAPTER 3,Technical Interview: Machine Learning Algorithms,Statistical and Foundational Techniques
"How do you determine which preprocessing steps are necessary for a specific NLP task, and how do you decide which ones to keep and which ones to remove?",a89864b52f,CHAPTER 3,Technical Interview: Machine Learning Algorithms,Natural Language Processing Algorithms
"Can you discuss the challenges of working with domain-specific language in NLP tasks, and how can fine-tuning the model help address these challenges?",a89864b52f,CHAPTER 3,Technical Interview: Machine Learning Algorithms,Natural Language Processing Algorithms
"How does BERT-cased differ from BERT-uncased in terms of its ability to distinguish between different semantics based on case, and what are some scenarios where one or the other might be more suitable?",a89864b52f,CHAPTER 3,Technical Interview: Machine Learning Algorithms,Natural Language Processing Algorithms
"Can you explain the concept of homonyms/synonyms in NLP, and how can fine-tuning the model help improve its recognition of these words?",a89864b52f,CHAPTER 3,Technical Interview: Machine Learning Algorithms,Natural Language Processing Algorithms
"How do you address potential biases in pretrained corpora used for LLM training, and what are some strategies for mitigating these biases in downstream fine-tuning?",a89864b52f,CHAPTER 3,Technical Interview: Machine Learning Algorithms,Natural Language Processing Algorithms
"What are some common challenges faced by recommender systems, and how can they be addressed?",a6426309ff,CHAPTER 3,Technical Interview: Machine Learning Algorithms,Recommender System Algorithms
How can you use data quality monitoring tools to identify and address data quality issues in ML datasets?,a6426309ff,CHAPTER 3,Technical Interview: Machine Learning Algorithms,Recommender System Algorithms
"What are some techniques for handling data sparsity in ML datasets, and when might they be appropriate to use?",a6426309ff,CHAPTER 3,Technical Interview: Machine Learning Algorithms,Recommender System Algorithms
How can you balance the trade-offs between explicit and implicit feedback signals in ML models?,a6426309ff,CHAPTER 3,Technical Interview: Machine Learning Algorithms,Recommender System Algorithms
Can you provide examples of ensemble methods that can be used to handle class imbalance issues in ML datasets?,a6426309ff,CHAPTER 3,Technical Interview: Machine Learning Algorithms,Recommender System Algorithms
How do you balance exploration and exploitation in reinforcement learning?,4ef8a420bc,CHAPTER 3,Technical Interview: Machine Learning Algorithms,Reinforcement Learning Algorithms
What are some common use cases for unsupervised learning?,0ce98a8968,CHAPTER 3,Technical Interview: Machine Learning Algorithms,"Supervised, Unsupervised, and Reinforcement Learning"
How does one determine when to use supervised versus unsupervised learning?,0ce98a8968,CHAPTER 3,Technical Interview: Machine Learning Algorithms,"Supervised, Unsupervised, and Reinforcement Learning"
Can you provide an example of a real-world application of clustering?,0ce98a8968,CHAPTER 3,Technical Interview: Machine Learning Algorithms,"Supervised, Unsupervised, and Reinforcement Learning"
How can data augmentation be used to artificially increase the amount of labeled data in a ML model?,0ce98a8968,CHAPTER 3,Technical Interview: Machine Learning Algorithms,"Supervised, Unsupervised, and Reinforcement Learning"
In what situations might it be more appropriate to use unsupervised learning rather than supervised learning?,0ce98a8968,CHAPTER 3,Technical Interview: Machine Learning Algorithms,"Supervised, Unsupervised, and Reinforcement Learning"
"How do you handle class imbalance in image recognition tasks, and what methods have you found most effective?",914e36400a,CHAPTER 3,Technical Interview: Machine Learning Algorithms,Computer Vision Algorithms
"How do you approach data augmentation for computer vision tasks, and what types of transformations are most useful?",914e36400a,CHAPTER 3,Technical Interview: Machine Learning Algorithms,Computer Vision Algorithms
Can you explain the difference between early stopping and regularization in preventing overfitting in deep neural networks?,914e36400a,CHAPTER 3,Technical Interview: Machine Learning Algorithms,Computer Vision Algorithms
What is the purpose of using experience replay in deep Q-networks?,4ef8a420bc,CHAPTER 3,Technical Interview: Machine Learning Algorithms,Reinforcement Learning Algorithms
"Why might an RL agent explore more in the early stages of training, and how does this change as it learns?",4ef8a420bc,CHAPTER 3,Technical Interview: Machine Learning Algorithms,Reinforcement Learning Algorithms
How do you address perverse reward functions in reinforcement learning?,4ef8a420bc,CHAPTER 3,Technical Interview: Machine Learning Algorithms,Reinforcement Learning Algorithms
"What techniques do you use to handle missing values in supervised learning problems, and how do you determine which values to impute?",914e36400a,CHAPTER 3,Technical Interview: Machine Learning Algorithms,Computer Vision Algorithms
"Can you discuss the trade-offs between accuracy and interpretability in deep learning models, and how do you balance these competing goals in your work?",914e36400a,CHAPTER 3,Technical Interview: Machine Learning Algorithms,Computer Vision Algorithms
Can you explain the difference between model-based and model-free reinforcement learning algorithms?,4ef8a420bc,CHAPTER 3,Technical Interview: Machine Learning Algorithms,Reinforcement Learning Algorithms
Can you walk me through a scenario where using ML over heuristics made sense for a project?,005a577345,CHAPTER 4,Technical Interview: Model Training and Evaluation,Defining a Machine Learning Problem
What are some common heuristics used as baselines in ML comparisons?,005a577345,CHAPTER 4,Technical Interview: Model Training and Evaluation,Defining a Machine Learning Problem
"How do you justify the use of ML in a particular problem or project, especially when simpler heuristic approaches exist?",005a577345,CHAPTER 4,Technical Interview: Model Training and Evaluation,Defining a Machine Learning Problem
How do you handle missing data during feature engineering?,99eacbbf97,CHAPTER 4,Technical Interview: Model Training and Evaluation,Data Preprocessing and Feature Engineering
"What are some common techniques used for feature selection, and how do you decide which features to select?",99eacbbf97,CHAPTER 4,Technical Interview: Model Training and Evaluation,Data Preprocessing and Feature Engineering
How do you approach model evaluation and selection in practical scenarios?,005a577345,CHAPTER 4,Technical Interview: Model Training and Evaluation,Defining a Machine Learning Problem
"How do you prioritize between precision and recall in different ML tasks, and what factors do you consider when making this decision?",0720f39c5b-1,CHAPTER 4,Technical Interview: Model Training and Evaluation,Model Evaluation
Can you explain the concept of NDCG and how it is used to measure the quality of ranking tasks? Give an example scenario where NDCG would be particularly useful.,0720f39c5b-1,CHAPTER 4,Technical Interview: Model Training and Evaluation,Model Evaluation
"How do you handle model overfitting in your ML training process, and what techniques have you found most effective in preventing overfitting?",0720f39c5b-1,CHAPTER 4,Technical Interview: Model Training and Evaluation,Model Evaluation
"In an ML interview, how do you approach evaluating the ROC curve for a binary classification model, and what insights can be gained from analyzing this curve?",0720f39c5b-1,CHAPTER 4,Technical Interview: Model Training and Evaluation,Model Evaluation
Can you explain the difference between sequential and static problem types in ML?,0720f39c5b,CHAPTER 4,Technical Interview: Model Training and Evaluation,The Model Training Process
How do optimizers work in ML and what are some popular options?,0720f39c5b,CHAPTER 4,Technical Interview: Model Training and Evaluation,The Model Training Process
Can you give an example of a situation where RL algorithms would be more useful than tree-based methods?,0720f39c5b,CHAPTER 4,Technical Interview: Model Training and Evaluation,The Model Training Process
Can you explain the concept of label encoding and how it's different from binary encoding?,99eacbbf97,CHAPTER 4,Technical Interview: Model Training and Evaluation,Data Preprocessing and Feature Engineering
"How do you prevent data leakage when splitting data for training, validation, and test sets?",99eacbbf97,CHAPTER 4,Technical Interview: Model Training and Evaluation,Data Preprocessing and Feature Engineering
What are some common pitfalls to avoid when working with categorical variables during feature engineering?,99eacbbf97,CHAPTER 4,Technical Interview: Model Training and Evaluation,Data Preprocessing and Feature Engineering
How do you track experiments in ML to ensure reproducibility?,0720f39c5b,CHAPTER 4,Technical Interview: Model Training and Evaluation,The Model Training Process
What are some common loss functions used in ML and why are they important?,0720f39c5b,CHAPTER 4,Technical Interview: Model Training and Evaluation,The Model Training Process
How do you determine when an ML algorithm is good enough for practical use?,005a577345,CHAPTER 4,Technical Interview: Model Training and Evaluation,Defining a Machine Learning Problem
"What is your approach to model versioning, and how do you ensure that the output model artifacts are easily retrievable?",0720f39c5b-1,CHAPTER 4,Technical Interview: Model Training and Evaluation,Model Evaluation
How do you stay up-to-date with the latest developments in machine learning algorithms and techniques? What resources do you rely on for continuous learning?,e5aff76113,CHAPTER 5,Technical Interview: Coding,Starting from Scratch: Learning Roadmap If You Don’t Know Python
"Can you describe a time when you had to write code for data manipulation in SQL, and how did you ensure the efficiency of your solution?",e5aff76113,CHAPTER 5,Technical Interview: Coding,Starting from Scratch: Learning Roadmap If You Don’t Know Python
"How do you approach debugging a complex coding issue in Python? What steps do you take, and what resources do you use to resolve it?",e5aff76113,CHAPTER 5,Technical Interview: Coding,Starting from Scratch: Learning Roadmap If You Don’t Know Python
How do you determine the relevance of features in machine learning? Can you provide examples of feature selection methods and their applications?,b00775576b,CHAPTER 5,Technical Interview: Coding,Python Coding Interview: Data- and ML-Related Questions
"How would you approach modeling user behavior on a social media platform, taking into account factors such as friend connections and tenure? What algorithms or techniques would you consider using?",b00775576b,CHAPTER 5,Technical Interview: Coding,Python Coding Interview: Data- and ML-Related Questions
"Can you discuss the importance of handling missing values in data analysis? How do you handle them, and what are some common techniques used to address this issue?",b00775576b,CHAPTER 5,Technical Interview: Coding,Python Coding Interview: Data- and ML-Related Questions
How do you balance being mindful of the interviewer's time with still ensuring that you have a chance to showcase your skills and knowledge during an interview?,6d7e81991e,CHAPTER 5,Technical Interview: Coding,Coding Interview Success Tips
"What are some common distractions that can arise during an interview, and how can candidates minimize their impact?",6d7e81991e,CHAPTER 5,Technical Interview: Coding,Coding Interview Success Tips
"Can you share a time when you had to take an interview in a less-than-ideal environment, and how did you handle it?",6d7e81991e,CHAPTER 5,Technical Interview: Coding,Coding Interview Success Tips
"How important is it to ask for help or clarification during an interview, and how do you go about doing so?",6d7e81991e,CHAPTER 5,Technical Interview: Coding,Coding Interview Success Tips
What are some tips you have for managing time during an interview?,6d7e81991e,CHAPTER 5,Technical Interview: Coding,Coding Interview Success Tips
"Imagine you are tasked with building a predictive model for a new product launch. Can you describe your approach to data preprocessing, feature engineering, and model selection? What trade-offs did you make along the way, and why?",e5aff76113,CHAPTER 5,Technical Interview: Coding,Starting from Scratch: Learning Roadmap If You Don’t Know Python
Can you walk me through a real-world scenario where you had to use data visualization tools like Matplotlib or Seaborn to communicate insights to a non-technical audience? How did you tailor your visualizations to best convey the message?,e5aff76113,CHAPTER 5,Technical Interview: Coding,Starting from Scratch: Learning Roadmap If You Don’t Know Python
"How do you ensure that your data is representative of the population it was collected from? What are some potential biases to watch out for when working with data, and how can you mitigate them?",b00775576b,CHAPTER 5,Technical Interview: Coding,Python Coding Interview: Data- and ML-Related Questions
"Can you explain the difference between a decision tree and a random forest model in machine learning? When would you choose one over the other, and why?",b00775576b,CHAPTER 5,Technical Interview: Coding,Python Coding Interview: Data- and ML-Related Questions
"How would you implement the ""Move Zeroes"" problem using different data structures or techniques, and what are the trade-offs involved in each approach?",16c46692ba,CHAPTER 5,Technical Interview: Coding,Python Coding Interview: Brainteaser Questions
"Can you discuss the time complexity of your solution to the ""Is Subsequence"" problem, and how would you handle edge cases or special inputs?",16c46692ba,CHAPTER 5,Technical Interview: Coding,Python Coding Interview: Brainteaser Questions
"What is the most efficient way to find two numbers in an array that add up to a given target value, and how would you optimize your solution for different scenarios?",16c46692ba,CHAPTER 5,Technical Interview: Coding,Python Coding Interview: Brainteaser Questions
"Can you explain the logic behind the ""Two Sum"" problem, and how would you approach solving it for a variety of inputs?",16c46692ba,CHAPTER 5,Technical Interview: Coding,Python Coding Interview: Brainteaser Questions
Design an algorithm to count the number of palindrome substrings in a given string.,dbd8460895,CHAPTER 5,Technical Interview: Coding,Roadmaps for Preparing for Coding Interviews
Design a query to count the number of unique users who viewed each product page on a website over the past month. How would you optimize this query for performance?,ae2aa1ca31,CHAPTER 5,Technical Interview: Coding,SQL Coding Interview: Data-Related Questions
Create an autocomplete feature for a search bar using only information available in one table. How would you approach this problem?,ae2aa1ca31,CHAPTER 5,Technical Interview: Coding,SQL Coding Interview: Data-Related Questions
"Given two tables, find the total discounted value of all items if they were all sold while on sale. Which table(s) would you join to accomplish this task? Why?",ae2aa1ca31,CHAPTER 5,Technical Interview: Coding,SQL Coding Interview: Data-Related Questions
"Write a query to find the average rating given by customers for products in a particular category, based on ratings submitted within the last 6 months. Which aggregate function would you use, and why?",ae2aa1ca31,CHAPTER 5,Technical Interview: Coding,SQL Coding Interview: Data-Related Questions
"Write a query to find the top 3 selling products in a category, based on total quantity sold, across all products in that category.",ae2aa1ca31,CHAPTER 5,Technical Interview: Coding,SQL Coding Interview: Data-Related Questions
"How would you approach solving a more complex brainteaser or coding challenge that requires multiple steps or subproblems to solve, and what strategies do you use to break down the problem into manageable parts?",16c46692ba,CHAPTER 5,Technical Interview: Coding,Python Coding Interview: Brainteaser Questions
How do you optimize a recursive algorithm's performance?,dbd8460895,CHAPTER 5,Technical Interview: Coding,Roadmaps for Preparing for Coding Interviews
Write a function to find the longest common subsequence between two strings.,dbd8460895,CHAPTER 5,Technical Interview: Coding,Roadmaps for Preparing for Coding Interviews
Explain how memoization can improve the time complexity of a dynamic programming problem.,dbd8460895,CHAPTER 5,Technical Interview: Coding,Roadmaps for Preparing for Coding Interviews
How do you solve a matrix chain reaction problem using bitwise operations?,dbd8460895,CHAPTER 5,Technical Interview: Coding,Roadmaps for Preparing for Coding Interviews
"How do you collaborate with cross-functional teams (e.g., ops, dev, product) to ensure that ML models are properly deployed and integrated into the company's products or services?",f45e93a39b,CHAPTER 6,Technical Interview: Model Deployment and End-to-End ML,Model Deployment
"How do you handle debugging ML models in production, and what strategies have you found effective?",f45e93a39b,CHAPTER 6,Technical Interview: Model Deployment and End-to-End ML,Model Deployment
"Can you describe a time when you had to optimize ML model inputs for deployment on resource-constrained devices, and how did you approach the challenge?",f45e93a39b,CHAPTER 6,Technical Interview: Model Deployment and End-to-End ML,Model Deployment
"How do you ensure that your ML models are efficient enough to run on edge devices, and what trade-offs do you make in terms of accuracy versus computational requirements?",f45e93a39b,CHAPTER 6,Technical Interview: Model Deployment and End-to-End ML,Model Deployment
"Can you walk me through a time when you automated an ML model deployment process using CI/CD tools, and what were some of the challenges you faced during implementation?",f45e93a39b,CHAPTER 6,Technical Interview: Model Deployment and End-to-End ML,Model Deployment
"Can you describe a time when you had to scale an ML model in production? How did you approach it, and what were the results?",9ebc3f2b8d,CHAPTER 6,Technical Interview: Model Deployment and End-to-End ML,Additional Technical Interview Components
How do you monitor the performance of a ML model in production? Can you give an example of a monitoring tool or technique you've used?,9ebc3f2b8d,CHAPTER 6,Technical Interview: Model Deployment and End-to-End ML,Additional Technical Interview Components
"Have you ever encountered issues with data drift in a ML model in production? If so, how did you address them?",9ebc3f2b8d,CHAPTER 6,Technical Interview: Model Deployment and End-to-End ML,Additional Technical Interview Components
What are some common challenges you've faced when deploying ML models to a cloud environment? How did you resolve them?,9ebc3f2b8d,CHAPTER 6,Technical Interview: Model Deployment and End-to-End ML,Additional Technical Interview Components
Can you walk me through your experience with automating the ML deployment process using a CI/CD pipeline? What tools or technologies have you used?,9ebc3f2b8d,CHAPTER 6,Technical Interview: Model Deployment and End-to-End ML,Additional Technical Interview Components
"How do you handle situations where the ML model's outputs lead to incorrect results, despite high accuracy, and how do you address these issues in a timely manner?",2e54c275a1,CHAPTER 6,Technical Interview: Model Deployment and End-to-End ML,Model Monitoring
"What are the main components of Google Cloud Platform, and how do they help in the ML workflow?",95d66e0b67,CHAPTER 6,Technical Interview: Model Deployment and End-to-End ML,Overview of Cloud Providers
"What is Vertex AI, and how does it differ from other cloud providers' end-to-end ML solutions?",95d66e0b67,CHAPTER 6,Technical Interview: Model Deployment and End-to-End ML,Overview of Cloud Providers
How can you use Google Colab's free tier to get started with ML on GCP without spending any money?,95d66e0b67,CHAPTER 6,Technical Interview: Model Deployment and End-to-End ML,Overview of Cloud Providers
What are some of the key features of Amazon Web Services (AWS) that are relevant to data scientists and ML engineers?,95d66e0b67,CHAPTER 6,Technical Interview: Model Deployment and End-to-End ML,Overview of Cloud Providers
"Can you explain the difference between Amazon SageMaker and Amazon EC2, and how they can be used in an ML workflow?",95d66e0b67,CHAPTER 6,Technical Interview: Model Deployment and End-to-End ML,Overview of Cloud Providers
How do you manage dependencies in your ML projects? Can you give an example of how you've done this in the past?,acad0ef561,CHAPTER 6,Technical Interview: Model Deployment and End-to-End ML,Developer Best Practices for Interviews
How do you approach code reviews in a team environment? Can you describe a time when you received constructive feedback on your code and how you incorporated it into your project?,acad0ef561,CHAPTER 6,Technical Interview: Model Deployment and End-to-End ML,Developer Best Practices for Interviews
"Have you used any testing frameworks or tools in your ML work? If so, can you explain how they helped you ensure the quality of your code?",acad0ef561,CHAPTER 6,Technical Interview: Model Deployment and End-to-End ML,Developer Best Practices for Interviews
How do you approach writing tests for ML models? Can you walk me through the process you use to write and implement tests?,acad0ef561,CHAPTER 6,Technical Interview: Model Deployment and End-to-End ML,Developer Best Practices for Interviews
Can you describe a situation where you had to integrate your ML model with an existing software system or infrastructure? How did you handle any compatibility issues that arose during this integration process?,acad0ef561,CHAPTER 6,Technical Interview: Model Deployment and End-to-End ML,Developer Best Practices for Interviews
"How do you monitor accuracy-related metrics, such as model performance changes, and what actions do you take when they are lower than expected?",2e54c275a1,CHAPTER 6,Technical Interview: Model Deployment and End-to-End ML,Model Monitoring
How do you ensure that your monitoring setups are tailored to the specific needs of the business and product team?,2e54c275a1,CHAPTER 6,Technical Interview: Model Deployment and End-to-End ML,Model Monitoring
"What are some common data quality checks you implement for ML models, and how do you handle missing values or distribution shifts?",2e54c275a1,CHAPTER 6,Technical Interview: Model Deployment and End-to-End ML,Model Monitoring
"Can you walk me through a real-world example of an alert policy you've created, and what triggers the alert?",2e54c275a1,CHAPTER 6,Technical Interview: Model Deployment and End-to-End ML,Model Monitoring
Describe a time when you had to communicate complex technical concepts to non-technical stakeholders. How did you approach it?,052c470148,CHAPTER 7,Behavioral Interviews,Behavioral Interview Best Practices
"What is MLflow, and how does it differ from other data workflow platforms like Airflow or Dagster?",f6f741906a,CHAPTER 7,Behavioral Interviews,Behavioral Interview Questions and Responses
Can you explain the concept of reinforcement learning to someone who may not be familiar with it?,f6f741906a,CHAPTER 7,Behavioral Interviews,Behavioral Interview Questions and Responses
How do you ensure that your ML models are interpretable and explainable for stakeholders who may not have a technical background?,f6f741906a,CHAPTER 7,Behavioral Interviews,Behavioral Interview Questions and Responses
"How do you handle missing data in a ML dataset, and what techniques do you use to impute the missing values?",f6f741906a,CHAPTER 7,Behavioral Interviews,Behavioral Interview Questions and Responses
Can you walk me through a real-world example of how you applied natural language processing (NLP) to text data to extract meaningful insights or solve a problem?,f6f741906a,CHAPTER 7,Behavioral Interviews,Behavioral Interview Questions and Responses
Tell me about a project where you had to work with someone who had a different working style than you. How did you adapt?,f6620b37bc,CHAPTER 7,Behavioral Interviews,Common Behavioral Questions and Recommendations
Can you describe a time when you had to present complex technical information to a non-technical audience? How did you prepare for the presentation?,f6620b37bc,CHAPTER 7,Behavioral Interviews,Common Behavioral Questions and Recommendations
Have you ever received negative feedback on your work? How did you handle it and what did you learn from the experience?,f6620b37bc,CHAPTER 7,Behavioral Interviews,Common Behavioral Questions and Recommendations
Tell me about a situation where you had to make a difficult technical decision with limited information. How did you approach the problem and what was the outcome?,f6620b37bc,CHAPTER 7,Behavioral Interviews,Common Behavioral Questions and Recommendations
Can you give an example of a time when you had to think creatively to solve a technical problem? What was the challenge and how did you overcome it?,f6620b37bc,CHAPTER 7,Behavioral Interviews,Common Behavioral Questions and Recommendations
How have you handled a challenging situation in your past role? Can you give an example?,052c470148,CHAPTER 7,Behavioral Interviews,Behavioral Interview Best Practices
"Describe a project where you had to balance competing priorities and deadlines, and how did you manage your time and resources?",322f155e7d,CHAPTER 7,Behavioral Interviews,Specific Preparation Examples for Big Tech
"How do you stay current with the latest developments in your field, and how have you applied them in your work?",322f155e7d,CHAPTER 7,Behavioral Interviews,Specific Preparation Examples for Big Tech
"Can you give an example of when you had to work with someone who had a different working style than you, and how did you adapt?",322f155e7d,CHAPTER 7,Behavioral Interviews,Specific Preparation Examples for Big Tech
"Tell me about a time when you had to make a difficult technical decision, and how did you handle it?",322f155e7d,CHAPTER 7,Behavioral Interviews,Specific Preparation Examples for Big Tech
"Can you tell me about a time when you had to think creatively to solve a problem? What was the outcome, and what did you learn from the experience?",052c470148,CHAPTER 7,Behavioral Interviews,Behavioral Interview Best Practices
Have you ever had to make a difficult trade-off between competing priorities in a project? How did you decide which one to prioritize?,052c470148,CHAPTER 7,Behavioral Interviews,Behavioral Interview Best Practices
What is your experience with leading or mentoring a team? Can you provide an example of how you helped the team overcome a challenge?,052c470148,CHAPTER 7,Behavioral Interviews,Behavioral Interview Best Practices
"Can you tell me about a time when you had to communicate complex technical information to a non-technical audience, and how did you approach it?",322f155e7d,CHAPTER 7,Behavioral Interviews,Specific Preparation Examples for Big Tech
Can you walk me through a specific example of how you adapted your learning plan based on your progress and unexpected challenges?,995cfd588e,CHAPTER 8,Tying It All Together: Your Interview Roadmap,Interview Roadmap Template
"How do you prioritize your study and preparation for a data scientist interview, given the complexity of the role and the variety of skills required?",995cfd588e,CHAPTER 8,Tying It All Together: Your Interview Roadmap,Interview Roadmap Template
"How do you plan to stay motivated and focused throughout the interview preparation process, and what resources or support systems will you leverage to help you succeed?",e123c4c971,CHAPTER 8,Tying It All Together: Your Interview Roadmap,Interview Preparation Checklist
"Can you describe a specific time frame during which you aim to prepare for interviews and start applying, and what milestones or checkpoints will you use to track your progress?",e123c4c971,CHAPTER 8,Tying It All Together: Your Interview Roadmap,Interview Preparation Checklist
"How do you plan to prepare for interviews that may be relevant for that role, and what strategies will you use to improve your chances of success?",e123c4c971,CHAPTER 8,Tying It All Together: Your Interview Roadmap,Interview Preparation Checklist
"Can you identify the skills required for the role you're targeting, and how will you assess your proficiency in those areas?",e123c4c971,CHAPTER 8,Tying It All Together: Your Interview Roadmap,Interview Preparation Checklist
"What are the key steps involved in the machine learning lifecycle, and which one(s) are you most interested in doing at work?",e123c4c971,CHAPTER 8,Tying It All Together: Your Interview Roadmap,Interview Preparation Checklist
"How do you stay motivated and focused during the interview preparation process, especially when faced with large amounts of material to cover in a short time frame?",995cfd588e,CHAPTER 8,Tying It All Together: Your Interview Roadmap,Interview Roadmap Template
How do you handle situations where you are unsure of the answer to a question during an interview?,6dadcd84bd,CHAPTER 8,Tying It All Together: Your Interview Roadmap,Impostor Syndrome
"Can you describe a situation where you had to troubleshoot or debug a complex issue related to data analysis or machine learning? How did you approach the problem, and what was the outcome?",995cfd588e,CHAPTER 8,Tying It All Together: Your Interview Roadmap,Interview Roadmap Template
How do you balance the need for depth of knowledge in specific technical areas with the broader perspective required to understand the business implications of data-driven insights?,995cfd588e,CHAPTER 8,Tying It All Together: Your Interview Roadmap,Interview Roadmap Template
How do you stay motivated when preparing for interviews?,561ddf5f64,CHAPTER 8,Tying It All Together: Your Interview Roadmap,Efficient Interview Preparation
Have you tried using focus timers (Pomodoro) and how did it help your efficiency?,561ddf5f64,CHAPTER 8,Tying It All Together: Your Interview Roadmap,Efficient Interview Preparation
What works best for you when it comes to sharing your progress with someone?,561ddf5f64,CHAPTER 8,Tying It All Together: Your Interview Roadmap,Efficient Interview Preparation
"Can you tell me about a time when you were stuck on a problem, and taking a break helped you find the solution?",561ddf5f64,CHAPTER 8,Tying It All Together: Your Interview Roadmap,Efficient Interview Preparation
"How do you avoid burnout while preparing for interviews, and what strategies have worked best for you?",561ddf5f64,CHAPTER 8,Tying It All Together: Your Interview Roadmap,Efficient Interview Preparation
How do you handle working on a team project where you have differing opinions with your colleagues on the best approach?,6dadcd84bd,CHAPTER 8,Tying It All Together: Your Interview Roadmap,Impostor Syndrome
Can you describe a time when you had to learn a new technology or skill quickly for a project? How did you approach it?,6dadcd84bd,CHAPTER 8,Tying It All Together: Your Interview Roadmap,Impostor Syndrome
"How do you stay current with developments in your field, and how often do you read scientific papers or articles?",6dadcd84bd,CHAPTER 8,Tying It All Together: Your Interview Roadmap,Impostor Syndrome
Can you walk me through a time when you had to communicate complex data insights to a non-technical audience? How did you approach it?,6dadcd84bd,CHAPTER 8,Tying It All Together: Your Interview Roadmap,Impostor Syndrome
What happens if you hear that the hiring team has moved on with other candidates during the interview process?,22eb7b9b30,CHAPTER 9,Post-Interview and Follow-up,Post-Interview Steps
What should you do after an interview to optimize your job search?,22eb7b9b30,CHAPTER 9,Post-Interview and Follow-up,Post-Interview Steps
How can you take notes of what you remember of the questions and roughly how you responded after each interview to arrive at the best outcome?,22eb7b9b30,CHAPTER 9,Post-Interview and Follow-up,Post-Interview Steps
"Is it important to send a thank-you note after an interview, and if so, what should be included in the note?",22eb7b9b30,CHAPTER 9,Post-Interview and Follow-up,Post-Interview Steps
How do you keep track of your achievements during your first few months in an ML job?,2ca59d8bf2,CHAPTER 9,Post-Interview and Follow-up,First 30/60/90 Days of Your New ML Job
Can you share an example of when reaching out to nontechnical folks helped you in your ML role?,2ca59d8bf2,CHAPTER 9,Post-Interview and Follow-up,First 30/60/90 Days of Your New ML Job
What steps do you take to improve the onboarding documentation?,2ca59d8bf2,CHAPTER 9,Post-Interview and Follow-up,First 30/60/90 Days of Your New ML Job
How do you gain domain knowledge in your ML role?,2ca59d8bf2,CHAPTER 9,Post-Interview and Follow-up,First 30/60/90 Days of Your New ML Job
"Are there any other non-base pay options that I should consider, such as commissions or profit sharing, and how do they work?",dee0126444,CHAPTER 9,Post-Interview and Follow-up,Steps of the Offer Stage
"What is the typical maternity and parental leave policy in this company and region, and how long do I have to wait before taking it?",dee0126444,CHAPTER 9,Post-Interview and Follow-up,Steps of the Offer Stage
"How do I calculate the total value of my benefits, including retirement matching and health insurance?",dee0126444,CHAPTER 9,Post-Interview and Follow-up,Steps of the Offer Stage
"Can you explain the vesting period for stocks or options, and how do I exercise them?",dee0126444,CHAPTER 9,Post-Interview and Follow-up,Steps of the Offer Stage
What is the average salary for someone in my position and experience level in this region?,dee0126444,CHAPTER 9,Post-Interview and Follow-up,Steps of the Offer Stage
Can you discuss the importance of networking and referrals in increasing your chances of getting hired for an ML position?,1026686599,CHAPTER 9,Post-Interview and Follow-up,What to Do Between Interviews
How do you balance the amount of applications you submit with the quality of those applications?,1026686599,CHAPTER 9,Post-Interview and Follow-up,What to Do Between Interviews
"In what ways do you tailor your resume for different ML roles, and why is it important to do so?",1026686599,CHAPTER 9,Post-Interview and Follow-up,What to Do Between Interviews
"Can you share an instance when you received an automated rejection email, and how did you respond to it?",1026686599,CHAPTER 9,Post-Interview and Follow-up,What to Do Between Interviews
How do you handle rejection in the job search process?,1026686599,CHAPTER 9,Post-Interview and Follow-up,What to Do Between Interviews
How long should you wait before following up with the recruiter or interviewer after not hearing back about the status of your application?,22eb7b9b30,CHAPTER 9,Post-Interview and Follow-up,Post-Interview Steps
What advice would you give to someone starting their first ML job regarding contributing to documentation?,2ca59d8bf2,CHAPTER 9,Post-Interview and Follow-up,First 30/60/90 Days of Your New ML Job
